Hostname,Total Hits,Cache Hit,Cache Miss,Cache Hit Ratio,Cache Miss Ratio,Akamai Bandwidth,Origin Bandwidth
pacificshoresinn.milestonedev.info,1343386,1310567,32819,97.56,2.44,136448498096,1005344486
www.pacificshoresinn.com,279035,212780,66255,76.26,23.74,25054180760,3715753584
www.sheratonamsterdam.nl,238040,201223,36817,84.53,15.47,7532876858,536043064
www.cambriarockhill.com,192250,117319,74931,61.02,38.98,29311267994,6813349381
www.thelandon.com,141703,97237,44466,68.62,31.38,10356467726,1689517625
www.daysinnmonterey.com,94983,51802,43181,54.54,45.46,10387803940,2396229443
Others,55109,-277377,332486,0.0,100.0,17545552543,10183032511
www.driftwoodsiliconvalley.com,54721,20579,34142,37.61,62.39,10398504262,3922132419
www.mydentaltouch.com,32761,11816,20945,36.07,63.93,5628661022,1559746861
www.weinsteindentalgroup.com,28815,22402,6413,77.74,22.26,1627014490,268978062
www.ouamd.com,27317,15774,11543,57.74,42.26,1997202498,493150029
www.showyourgrin.com,22120,-1644,23764,0.0,100.0,2207655034,1175498393
www.hurleyderm.net,21841,12638,9203,57.86,42.14,2582784127,481061342
www.shortpumpdental.com,21819,10825,10994,49.61,50.39,2038965054,703614757
www.hollardentalgroup.com,21660,8609,13051,39.75,60.25,2151980459,651331371
www.charlestonorthodontics.com,17743,6739,11004,37.98,62.02,2130447375,668732658
www.mybraceland.com,17743,3589,14154,20.23,79.77,2918898091,1148822560
www.evansortho.com,17527,6276,11251,35.81,64.19,2830697942,1077352249
www.smithsmile.com,16240,2570,13670,15.83,84.17,1760614376,695343815
www.kilmoreeye.com,16045,6787,9258,42.3,57.7,2344262543,946812382
www.wjfamilydental.com,15843,4805,11038,30.33,69.67,1322210509,448519329
www.gotfloss.com,15796,7283,8513,46.11,53.89,1829801328,495441642
www.coastalmainepediatricdentistry.com,12643,5790,6853,45.8,54.2,822338289,273524037
www.moffettdental.com,11829,1844,9985,15.59,84.41,769139329,339146800
www.bracesbyus.com,11808,2902,8906,24.58,75.42,816934863,351057068
www.largobrightsmiles.com,11585,4671,6914,40.32,59.68,699961733,249636274
www.regencydental.org,10827,4060,6767,37.5,62.5,817888693,272665910
www.rosenthallortho.com,10802,1476,9326,13.66,86.34,760787002,365974956
www.kidzdentist.com,10760,2842,7918,26.41,73.59,725395779,267316259
www.orthodonticspecialists.net,10488,3078,7410,29.35,70.65,581881601,268022585
www.twinklingsmilesofbatonrouge.com,9882,2382,7500,24.1,75.9,664891459,285237882
assets.staging.milestoneinternet.com,9427,3894,5533,41.31,58.69,2990422212,781305814
www.lagunaorthodontics.com,9151,727,8424,7.94,92.06,850370313,349631350
www.wnekorthodontics.com,8295,2001,6294,24.12,75.88,634245854,272625214
www.mobileareadentalsociety.com,7948,304,7644,3.82,96.18,394241300,215967069
www.drdavidboyd.com,7911,692,7219,8.75,91.25,588327419,282362429
www.mitchellbridgedental.com,7723,1373,6350,17.78,82.22,667967124,289249737
www.lortho.com,7372,1661,5711,22.53,77.47,479306610,246918084
www.ecsuttondds.com,7115,84,7031,1.18,98.82,865488699,426247434
www.grabowortho.com,6928,504,6424,7.27,92.73,697035984,322327744
www.brooksorthodontics.com,6761,1433,5328,21.2,78.8,623884172,259099240
www.bracem.com,6406,1365,5041,21.31,78.69,568692582,256417713
www.franklindentistryassociates.com,6283,1280,5003,20.37,79.63,557285650,215539814
www.charlesclinedds.com,4161,1056,3105,25.38,74.62,281825962,107248171
thekahlerhotel.milestonedev.info,4090,3035,1055,74.21,25.79,691156491,170356295
www.freidankdental.com,4086,685,3401,16.76,83.24,440510852,172459750
www.drhalhale.com,3661,1398,2263,38.19,61.81,38695078,6911601
chasehotelelpaso.milestonedev.info,1498,495,1003,33.04,66.96,518067101,259378520
nantasketbeachresort.milestonedev.info,801,377,424,47.07,52.93,122244182,40994986
assets-akstaging.milestoneinternet.com,560,-149,709,0.0,100.0,489905247,233339927
assets-akuat.milestoneinternet.com,471,-213,684,0.0,100.0,3927357,2217223
gingerhotels.cmsuatak.milestoneinternet.info,4,4,0,100.0,0.0,9515,0
