Hostname,Total Hits,Cache Hit,Cache Miss,Cache Hit Ratio,Cache Miss Ratio,Akamai Bandwidth,Origin Bandwidth
pacificshoresinn.milestonedev.info,57028,43544,13484,76.36,23.64,6188467217,481511161
www.sheratonamsterdam.nl,54587,40238,14349,73.71,26.29,1715393991,205737448
www.pacificshoresinn.com,44437,24411,20026,54.93,45.07,5344848190,1098497669
www.cambriarockhill.com,38590,18577,20013,48.14,51.86,6594138206,1739458040
www.thelandon.com,38368,20507,17861,53.45,46.55,3021741333,684587992
www.mydentaltouch.com,29936,9536,20400,31.85,68.15,5446844073,1478220079
www.weinsteindentalgroup.com,28190,21873,6317,77.59,22.41,1606193092,263785318
www.ouamd.com,26677,15201,11476,56.98,43.02,1977556405,490896806
www.daysinnmonterey.com,22452,10297,12155,45.86,54.14,2562703879,648717687
www.showyourgrin.com,21425,-2204,23629,0.0,100.0,2181422236,1166927386
www.hurleyderm.net,21377,12239,9138,57.25,42.75,2548133722,477496238
www.shortpumpdental.com,20629,9820,10809,47.6,52.4,1984576800,689296506
www.hollardentalgroup.com,17837,5026,12811,28.18,71.82,2041674550,632853331
www.charlestonorthodontics.com,16551,5689,10862,34.37,65.63,2087131819,657877247
www.mybraceland.com,16495,2439,14056,14.79,85.21,2824693621,1123451101
www.smithsmile.com,15529,1989,13540,12.81,87.19,1730346594,689258144
www.gotfloss.com,14743,6397,8346,43.39,56.61,1792807845,486133258
www.driftwoodsiliconvalley.com,14714,4351,10363,29.57,70.43,2546560731,929900639
www.kilmoreeye.com,14588,5416,9172,37.13,62.87,2280735558,942874199
www.evansortho.com,14425,3512,10913,24.35,75.65,2733288342,1064448484
www.wjfamilydental.com,14075,3155,10920,22.42,77.58,1263242067,445481528
www.coastalmainepediatricdentistry.com,12029,5256,6773,43.69,56.31,799467647,265253422
www.largobrightsmiles.com,10692,3854,6838,36.05,63.95,674063242,243830037
www.moffettdental.com,10570,756,9814,7.15,92.85,731887006,333336625
www.rosenthallortho.com,10486,1206,9280,11.5,88.5,752200291,362963839
www.regencydental.org,10010,3395,6615,33.92,66.08,789183338,264724695
www.bracesbyus.com,9979,1147,8832,11.49,88.51,772494394,346081519
www.kidzdentist.com,9905,2130,7775,21.5,78.5,696715877,259383826
www.orthodonticspecialists.net,9813,2466,7347,25.13,74.87,564640926,265722836
www.twinklingsmilesofbatonrouge.com,9143,1705,7438,18.65,81.35,637899990,282387219
www.lagunaorthodontics.com,9031,616,8415,6.82,93.18,839281878,346220870
www.mobileareadentalsociety.com,7784,165,7619,2.12,97.88,387868313,214730084
www.drdavidboyd.com,7452,332,7120,4.46,95.54,561314094,273831138
www.wnekorthodontics.com,7385,1225,6160,16.59,83.41,603482686,266281297
www.mitchellbridgedental.com,7160,903,6257,12.61,87.39,652157206,286034521
www.ecsuttondds.com,6784,-196,6980,0.0,100.0,835977545,419965321
www.grabowortho.com,6187,-149,6336,0.0,100.0,675281645,319487447
www.lortho.com,6005,476,5529,7.93,92.07,453311030,238582326
www.brooksorthodontics.com,5851,642,5209,10.97,89.03,601760934,252154949
www.bracem.com,5761,846,4915,14.68,85.32,531524227,242772415
www.franklindentistryassociates.com,5718,783,4935,13.69,86.31,540866204,213698891
assets.staging.milestoneinternet.com,4121,813,3308,19.73,80.27,2355319333,659290156
www.charlesclinedds.com,4030,928,3102,23.03,76.97,277874943,106669241
www.freidankdental.com,3610,271,3339,7.51,92.49,424313671,171079224
www.drhalhale.com,3065,880,2185,28.71,71.29,19211454,4382455
thekahlerhotel.milestonedev.info,757,245,512,32.36,67.64,219029732,72163279
chasehotelelpaso.milestonedev.info,392,100,292,25.51,74.49,127042678,64188865
assets-akuat.milestoneinternet.com,176,-159,335,0.0,100.0,1986183,1273483
assets-akstaging.milestoneinternet.com,114,-72,186,0.0,100.0,1314302,624506
nantasketbeachresort.milestonedev.info,113,-12,125,0.0,100.0,21831402,9039725
