Hostname,Total Hits,Cache Hit,Cache Miss,Cache Hit Ratio,Cache Miss Ratio,Akamai Bandwidth,Origin Bandwidth
www.sheratonamsterdam.nl,112884,93743,19141,83.04,16.96,3274404058,291550511
www.pacificshoresinn.com,107109,76206,30903,71.15,28.85,11746698202,2024975599
pacificshoresinn.milestonedev.info,93323,74200,19123,79.51,20.49,9230669168,660432967
www.cambriarockhill.com,84494,50057,34437,59.24,40.76,13641081297,3463969123
www.thelandon.com,71241,45444,25797,63.79,36.21,5458497673,1033242894
www.daysinnmonterey.com,43832,24140,19692,55.07,44.93,5125436258,1168425458
www.mydentaltouch.com,31724,11304,20420,35.63,64.37,5510108826,1479800916
www.weinsteindentalgroup.com,28516,22196,6320,77.84,22.16,1613080164,263843612
www.driftwoodsiliconvalley.com,27350,10116,17234,36.99,63.01,4958788749,1782523736
www.ouamd.com,26955,15460,11495,57.35,42.65,1983669459,491553922
www.showyourgrin.com,21811,-1890,23701,0.0,100.0,2191851769,1170778113
www.hurleyderm.net,21579,12398,9181,57.45,42.55,2553371671,478617569
www.shortpumpdental.com,21195,10383,10812,48.99,51.01,1995330028,689353839
www.hollardentalgroup.com,19831,7018,12813,35.39,64.61,2076205537,632876606
Others,19397,-46314,65711,0.0,100.0,5260234623,2911283521
www.charlestonorthodontics.com,17059,6194,10865,36.31,63.69,2097650903,657950076
www.mybraceland.com,17039,2970,14069,17.43,82.57,2832314485,1123680325
www.smithsmile.com,15963,2418,13545,15.15,84.85,1741443550,689420307
www.evansortho.com,15436,4516,10920,29.26,70.74,2747862946,1064709165
www.gotfloss.com,15172,6779,8393,44.68,55.32,1801651406,487939811
www.wjfamilydental.com,15028,4104,10924,27.31,72.69,1283361527,445709501
www.kilmoreeye.com,14806,5605,9201,37.86,62.14,2286141223,943691981
www.coastalmainepediatricdentistry.com,12313,5537,6776,44.97,55.03,805579941,265305257
www.moffettdental.com,11266,1449,9817,12.86,87.14,745061495,333405468
www.bracesbyus.com,11208,2337,8871,20.85,79.15,798788282,347631365
www.largobrightsmiles.com,11014,4174,6840,37.9,62.1,679594784,243845431
www.rosenthallortho.com,10668,1386,9282,12.99,87.01,754701838,362974717
www.regencydental.org,10487,3870,6617,36.9,63.1,801266154,264748089
www.kidzdentist.com,10391,2611,7780,25.13,74.87,707354254,259536494
www.orthodonticspecialists.net,10366,2970,7396,28.65,71.35,578035291,267584061
www.twinklingsmilesofbatonrouge.com,9393,1952,7441,20.78,79.22,644195483,282442848
www.lagunaorthodontics.com,9041,626,8415,6.92,93.08,839772758,346220870
assets.staging.milestoneinternet.com,8201,3112,5089,37.95,62.05,2665667603,716565396
www.wnekorthodontics.com,7899,1734,6165,21.95,78.05,615031312,266425803
www.mobileareadentalsociety.com,7862,241,7621,3.07,96.93,389159039,214740026
www.drdavidboyd.com,7678,556,7122,7.24,92.76,569115140,273847574
www.mitchellbridgedental.com,7492,1233,6259,16.46,83.54,658534952,286052245
www.ecsuttondds.com,6968,-35,7003,0.0,100.0,848471269,422678464
www.lortho.com,6801,1270,5531,18.67,81.33,462141073,238599386
www.grabowortho.com,6581,243,6338,3.69,96.31,681144663,319503246
www.brooksorthodontics.com,6357,1145,5212,18.01,81.99,610250008,252218754
www.bracem.com,6091,1174,4917,19.27,80.73,537116275,242788411
www.franklindentistryassociates.com,6042,1105,4937,18.29,81.71,546759744,213716281
www.charlesclinedds.com,4030,928,3102,23.03,76.97,277874943,106669241
www.freidankdental.com,3880,530,3350,13.66,86.34,430364351,171144718
www.drhalhale.com,3394,1189,2205,35.03,64.97,25468769,4763371
thekahlerhotel.milestonedev.info,2644,1927,717,72.88,27.12,421700809,112435778
chasehotelelpaso.milestonedev.info,694,177,517,25.5,74.5,240721379,120805246
assets-akuat.milestoneinternet.com,333,-174,507,0.0,100.0,2700615,1555830
assets-akstaging.milestoneinternet.com,324,-96,420,0.0,100.0,58631176,26066594
nantasketbeachresort.milestonedev.info,220,10,210,4.55,95.45,41615764,18565042
